pcd file name,bin file name
000009.pcd,file_name_00000.bin
000010.pcd,file_name_00001.bin
000011.pcd,file_name_00002.bin
000012.pcd,file_name_00003.bin
000013.pcd,file_name_00004.bin
000014.pcd,file_name_00005.bin
000015.pcd,file_name_00006.bin
000016.pcd,file_name_00007.bin
000017.pcd,file_name_00008.bin
000018.pcd,file_name_00009.bin
000019.pcd,file_name_00010.bin
000020.pcd,file_name_00011.bin
000021.pcd,file_name_00012.bin
000022.pcd,file_name_00013.bin
000023.pcd,file_name_00014.bin
000024.pcd,file_name_00015.bin
000025.pcd,file_name_00016.bin
000026.pcd,file_name_00017.bin
000027.pcd,file_name_00018.bin
000028.pcd,file_name_00019.bin
000029.pcd,file_name_00020.bin
000030.pcd,file_name_00021.bin
000031.pcd,file_name_00022.bin
000032.pcd,file_name_00023.bin
000033.pcd,file_name_00024.bin
000034.pcd,file_name_00025.bin
000035.pcd,file_name_00026.bin
000036.pcd,file_name_00027.bin
000037.pcd,file_name_00028.bin
000038.pcd,file_name_00029.bin
000039.pcd,file_name_00030.bin
000040.pcd,file_name_00031.bin
000041.pcd,file_name_00032.bin
000042.pcd,file_name_00033.bin
000043.pcd,file_name_00034.bin
000044.pcd,file_name_00035.bin
000045.pcd,file_name_00036.bin
000046.pcd,file_name_00037.bin
000047.pcd,file_name_00038.bin
000048.pcd,file_name_00039.bin
000049.pcd,file_name_00040.bin
000050.pcd,file_name_00041.bin
000051.pcd,file_name_00042.bin
000052.pcd,file_name_00043.bin
000053.pcd,file_name_00044.bin
000054.pcd,file_name_00045.bin
000055.pcd,file_name_00046.bin
000056.pcd,file_name_00047.bin
000057.pcd,file_name_00048.bin
000058.pcd,file_name_00049.bin
000059.pcd,file_name_00050.bin
000060.pcd,file_name_00051.bin
000061.pcd,file_name_00052.bin
000062.pcd,file_name_00053.bin
000063.pcd,file_name_00054.bin
000064.pcd,file_name_00055.bin
000065.pcd,file_name_00056.bin
000066.pcd,file_name_00057.bin
000067.pcd,file_name_00058.bin
000068.pcd,file_name_00059.bin
000069.pcd,file_name_00060.bin
000070.pcd,file_name_00061.bin
000071.pcd,file_name_00062.bin
000072.pcd,file_name_00063.bin
000073.pcd,file_name_00064.bin
000074.pcd,file_name_00065.bin
000075.pcd,file_name_00066.bin
000076.pcd,file_name_00067.bin
000077.pcd,file_name_00068.bin
000078.pcd,file_name_00069.bin
000079.pcd,file_name_00070.bin
000080.pcd,file_name_00071.bin
000081.pcd,file_name_00072.bin
000082.pcd,file_name_00073.bin
000083.pcd,file_name_00074.bin
000084.pcd,file_name_00075.bin
000085.pcd,file_name_00076.bin
000086.pcd,file_name_00077.bin
000087.pcd,file_name_00078.bin
000088.pcd,file_name_00079.bin
000089.pcd,file_name_00080.bin
000090.pcd,file_name_00081.bin
000091.pcd,file_name_00082.bin
000092.pcd,file_name_00083.bin
